taxa	kruskal_H	kruskal_p	dunn_A_vs_B	dunn_A_vs_C	dunn_B_vs_C	kruskal_fdr
Taxa_A	4.285714285714285	0.11731916609425083	0.21485236128700458	0.19223251935317856	0.5126907602619233	0.11731916609425083
Taxa_B	4.285714285714285	0.11731916609425083	0.21485236128700458	0.19223251935317856	0.5126907602619233	0.11731916609425083
Taxa_C	4.411764705882352	0.1101532883341886	0.11276664378322315	0.5065551690490403	0.5065551690490403	0.11731916609425083
